iteration,test_split,batch,epoch,layer,dropout,rmse,accuracy,f_score,time_train,lag
0,0.2,1,5,1,0,,0.7775919732441473,0.5191988012956922,54.07663822174072,13
1,0.2,1,5,1,0.2,,0.807692307692308,0.4457785125070421,64.59096360206604,13
